Player Name,Role,Total IPL Match Innings,Total Runs (Batter/AR),Total Wickets (Bowler/AR),Batting Average,Batting Strike Rate,Bowling Average,Bowling Economy
Abdul Samad,ALL-ROUNDER,63,857,2,19.48,148.8,,11.5
Abhinandan Singh,BOWLER,3,,3,,,40.67,12.62
Abishek Porel,WICKETKEEPER,33,769,,25.63,145.4,,
Abhishek Sharma,BATSMAN,89,2378,,29.36,171.2,,
Adam Milne,BOWLER,11,,7,,,44,9.73
Aiden Markram,BATSMAN,66,1671,6,30.38,135.5,59.5,9.6
Ajay Mandal,ALL-ROUNDER,0,0,0,,,,
Ajinkya Rahane,BATSMAN,199,5367,,30.2,126,,
Akash Madhwal,BOWLER,17,,23,,,25.65,10.05
Akash Singh,BOWLER,12,,13,,,29.5,9.2
Akshat Raghuwanshi,BATSMAN,5,53,,10.6,110.42,,
Akeal Hosein,BOWLER,8,21,9,,,26.44,8.3
Allah Ghazanfar,BOWLER,11,,15,,,25.93,10.03
Aman Khan,ALL-ROUNDER,12,115,0,,,,13
Aman Rao Perala,BATSMAN,0,0,,,,,
Amit Kumar,BOWLER,0,,0,,,,
Angkrish Raghuvanshi,BATSMAN,10,163,,16.3,155.24,,
Aniket Verma,BATSMAN,20,315,,21,160.71,,
Anrich Nortje,BOWLER,46,,59,,,25.86,8.96
Anshul Kamboj,BOWLER,3,,2,,,55.5,11.1
Anuj Rawat,WICKETKEEPER,21,318,,19.88,119.1,,
Anukul Roy,ALL-ROUNDER,22,78,15,15.6,120,31.93,8.9
Arjun Tendulkar,BOWLER,5,13,3,6.5,92.85,33.66,9.37
Arshdeep Singh,BOWLER,95,,111,,,28.03,9.15
Arshin Kulkarni,ALL-ROUNDER,3,21,,7,105,,
Ashok Sharma,BOWLER,6,,6,,,38,10.5
Ashutosh Sharma,ALL-ROUNDER,26,564,,29.68,168.9,,
Ashwani Kumar,BOWLER,2,,2,,,32,10
Auqib Nabi,BOWLER,5,10,0,,,,11.46
Avesh Khan,BOWLER,82,,93,,,29.4,9.3
Axar Patel,ALL-ROUNDER,178,2089,139,21.76,133.7,31.7,7.4
Ayush Badoni,BATSMAN,56,1178,4,25.61,140.9,,9.2
Azmatullah Omarzai,ALL-ROUNDER,11,151,15,15.1,149.5,37.9,9.6
Ben Dwarshuis,ALL-ROUNDER,1,0,1,0,0,51,12.75
Bhuvneshwar Kumar,BOWLER,182,,181,,,27.5,7.55
Blessing Muzarabani,BOWLER,2,,4,,,18.75,10.71
Brijesh Sharma,BOWLER,13,2,14,2,50,32.14,9.89
Cameron Green,ALL-ROUNDER,43,1029,23,38.11,151.1,39.04,9.44
Connor Esterhuizen,BATSMAN,0,0,,,,,
Cooper Connolly,ALL-ROUNDER,13,491,,44.64,163.12,,
Corbin Bosch,ALL-ROUNDER,14,0,13,,,19.23,9.2
Daksh Kamra,ALL-ROUNDER,0,0,0,,,,
Danish Malewar,BATSMAN,2,2,,,,,
Dasun Shanaka,ALL-ROUNDER,5,66,1,16.5,134.69,60,12
David Miller,BATSMAN,125,3052,,36.33,139.11,,
Deepak Chahar,BOWLER,79,,77,,,29.2,7.93
Devdutt Padikkal,BATSMAN,64,1587,,25.19,124.96,,
Dewald Brevis,BATSMAN,10,230,,23,142.85,,
Dhruv Jurel,WICKETKEEPER,31,526,,27.68,141.29,,
Digvesh Singh,BOWLER,23,,19,,,43.47,9.08
Dilshan Madushanka,BOWLER,0,,0,,,,
Donovan Ferreira,WICKETKEEPER,2,2,,2,100,,
Dushmantha Chameera,BOWLER,12,,9,,,33,8.73
Eshan Malinga,BOWLER,0,,0,,,,
Finn Allen,WICKETKEEPER,11,349,,34.9,214.11,,
George Linde,BOWLER,0,,0,,,,
Gerald Coetzee,BOWLER,10,,13,,,26.23,10.17
Glenn Phillips,BATSMAN,10,89,,14.83,118.66,,
Gurjapneet Singh,BOWLER,8,,4,,,58.25,9.26
Gurnoor Singh Brar,BOWLER,1,,0,,,,15
Hardik Pandya,ALL-ROUNDER,130,2640,64,30.34,145.85,32.1,8.92
Harnoor Pannu,BATSMAN,0,0,,,,,
Harpreet Brar,ALL-ROUNDER,45,185,28,14.23,131.25,26.5,7.82
Harsh Dubey,ALL-ROUNDER,12,0,13,,,25.08,10.19
Harshal Patel,BOWLER,105,,141,,,23.41,8.68
Heinrich Klaasen,WICKETKEEPER,37,1056,,39.11,171.18,,
Himmat Singh,BATSMAN,2,2,,2,40,,
Ishant Sharma,BOWLER,110,,93,,,34.6,8.16
Ishan Kishan,WICKETKEEPER,107,2730,,28.51,135.92,,
Jacob Bethell,ALL-ROUNDER,9,163,0,18.11,140.52,,
Jacob Duffy,BOWLER,6,,9,,,29.22,10.96
Jason Holder,ALL-ROUNDER,40,259,53,14.38,121.5,30.22,8.81
Jasprit Bumrah,BOWLER,138,,181,,,22.25,7.31
Jayant Yadav,ALL-ROUNDER,16,40,8,13.33,105.26,29.25,6.87
Jaydev Unadkat,BOWLER,101,,105,,,31.85,8.95
Jitesh Sharma,WICKETKEEPER,40,730,,22.81,151.13,,
Jofra Archer,BOWLER,40,,48,,,24.4,7.43
Jordan Cox,WICKETKEEPER,0,0,,,,,
Josh Hazlewood,BOWLER,27,,35,,,23.14,8.06
Josh Inglis,WICKETKEEPER,16,544,,38.86,168.42,,
Jos Buttler,WICKETKEEPER,107,3582,,38.1,147.53,,
Kagiso Rabada,BOWLER,80,,117,,,20.8,8.44
Kamindu Mendis,ALL-ROUNDER,5,92,2,30.67,133.33,,8.57
Kanishk Chouhan,ALL-ROUNDER,0,0,0,,,,
Kartik Sharma,WICKETKEEPER,11,295,,32.78,136.57,,
Kartik Tyagi,BOWLER,19,,15,,,43.13,9.98
Karun Nair,BATSMAN,73,1496,,23.75,127.75,,
Keshav Maharaj,BOWLER,2,,2,,,19.5,7.8
KL Rahul,WICKETKEEPER,125,4683,,45.46,134.6,,
Krains Fuletra,ALL-ROUNDER,2,0,1,,,,
Krish Bhagat,ALL-ROUNDER,3,10,0,,,,10.5
Krunal Pandya,ALL-ROUNDER,118,1690,81,21.94,133.2,31.5,7.37
Kuldeep Sen,BOWLER,13,,16,,,30.68,9.92
Kuldeep Yadav,BOWLER,85,,85,,,27.5,8.24
Kulwant Khejroliya,BOWLER,7,,7,,,33.14,10.15
Kumar Kushagra,WICKETKEEPER,0,0,,,,,
Kwena Maphaka,BOWLER,2,,1,,,75,13.04
Kyle Jamieson,BOWLER,9,65,9,21.66,118.18,31.55,9.6
Lhuan-dre Pretorius,WICKETKEEPER,0,0,,,,,
Liam Livingstone,ALL-ROUNDER,39,939,11,27.61,156.24,32.81,8.75
Lockie Ferguson,BOWLER,45,,43,,,30.76,8.95
Luke Wood,BOWLER,2,,1,,,64,11.63
Lungisani Ngidi,BOWLER,14,,25,,,17.92,8.3
Madhav Tiwari,ALL-ROUNDER,0,0,0,,,,
Manav Suthar,BOWLER,5,,4,,,47,11.75
Mangesh Yadav,ALL-ROUNDER,0,0,0,,,,
Manish Pandey,BATSMAN,79,3850,,29.16,121.2,,
Marco Jansen,ALL-ROUNDER,21,102,24,12.75,127.5,32.5,9.94
Marcus Stoinis,ALL-ROUNDER,78,1850,42,31.35,140.85,28.6,9.65
Matthew Breetzke,BATSMAN,0,0,,,,,
Matthew William Short,ALL-ROUNDER,6,117,0,19.5,124.46,,11
Matt Henry,BOWLER,2,,2,,,32.5,8.12
Mayank Markande,BOWLER,37,,38,,,27.28,8.8
Mayank Rawat,ALL-ROUNDER,0,0,0,,,,
Mayank Yadav,BOWLER,7,,8,,,19.12,7.14
M. Siddharth,BOWLER,6,,4,,,37.75,7.94
Mitch Owen,ALL-ROUNDER,0,0,0,,,,
Mitchell Marsh,ALL-ROUNDER,42,692,24,18.21,128.87,22.08,8.52
Mitchell Starc,BOWLER,41,,58,,,21.6,7.95
Mohammad Izhar,BOWLER,0,,0,,,,
Mohammad Shami,BOWLER,110,,127,,,26.89,8.44
Mohammed Siraj,BOWLER,93,,93,,,31.43,8.65
Mohd. Arshad Khan,ALL-ROUNDER,13,60,10,20,133.33,38.2,10.91
Mohsin Khan,BOWLER,24,,30,,,25.1,8.35
MS Dhoni,WICKETKEEPER,234,5243,,39.12,137.54,,
Mukesh Choudhary,BOWLER,13,,16,,,26.5,9.83
Mukesh Kumar,BOWLER,20,,24,,,28.5,10.35
Mukul Choudhary,WICKETKEEPER,10,170,,28.33,141.67,,
Musheer Khan,ALL-ROUNDER,0,0,0,,,,
Naman Dhir,ALL-ROUNDER,10,184,,22.1,178.64,,
Naman Tiwari,BOWLER,0,,0,,,,
Nandre Burger,BOWLER,6,,7,,,24.28,9.58
Navdeep Saini,BOWLER,32,,23,,,37.13,9.32
Nehal Wadhera,BATSMAN,21,382,,25.46,147.49,,
Nicholas Pooran,BATSMAN,76,2043,,32.75,160.84,,
Nishant Sindhu,ALL-ROUNDER,3,6,0,6,75,,9
Nitish Kumar Reddy,ALL-ROUNDER,20,443,13,34.07,142.85,26.3,9.2
Nitish Rana,ALL-ROUNDER,105,2855,10,29.13,135.25,31.8,8.7
Noor Ahmad,BOWLER,23,,29,,,23.41,7.92
N. Tilak Varma,BATSMAN,45,1455,,39.32,144.15,,
Onkar Tarmale,BOWLER,0,,0,,,,
Pat Cummins,ALL-ROUNDER,45,483,63,21,154.35,31.84,8.54
Pathum Nissanka,BATSMAN,0,0,,,,,
Phil Salt,BATSMAN,21,656,,32.8,175.53,,
Prabhsimran Singh,BATSMAN,38,941,,24.76,149.36,,
Praful Hinge,BOWLER,7,,14,,,,
Prashant Solanki,BOWLER,2,,1,,,43,10.75
Prashant Veer,ALL-ROUNDER,0,0,0,,,,
Prasidh Krishna,BOWLER,51,,49,,,34.61,8.92
Pravin Dubey,BOWLER,4,,1,,,72,9.6
Prince Yadav,BOWLER,0,,0,,,,
Prithvi Shaw,BATSMAN,79,1892,,23.94,147.45,,
Priyansh Arya,ALL-ROUNDER,30,839,0,27.97,191.99,,
Pyla Avinash,BATSMAN,0,0,,,,,
Quinton de Kock,WICKETKEEPER,107,3157,,31.88,134.23,,
Rachin Ravindra,ALL-ROUNDER,10,222,3,22.2,160.86,43.66,10.91
Raghu Sharma,BOWLER,0,,0,,,,
Rahul Chahar,BOWLER,83,,76,,,29.35,7.82
Rahul Tewatia,ALL-ROUNDER,65,965,32,24.74,135.21,30.12,8.78
Rahul Tripathi,BATSMAN,89,2236,,27.26,139.31,,
Raj Angad Bawa,ALL-ROUNDER,2,11,0,5.5,68.75,,11.25
Rajat Patidar,BATSMAN,27,799,,34.73,158.84,,
Ramandeep Singh,ALL-ROUNDER,15,178,4,22.25,169.52,26.5,9.28
Rashid Khan,BOWLER,68,492,149,14.9,139.71,21.05,6.85
Rasikh Dar,BOWLER,16,,22,,,26.86,10.15
Ravi Bishnoi,BOWLER,66,,66,,,30.54,7.91
Ravindra Jadeja,ALL-ROUNDER,194,3054,165,27.26,129.15,30.2,7.62
Rehan Ahmed,BOWLER,0,,0,,,,
Rinku Singh,BATSMAN,39,893,,30.79,144.91,,
Rishabh Pant,WICKETKEEPER,110,3284,,35.31,148.93,,
Riyan Parag,BATSMAN,68,1055,4,21.97,,32.75,9.35
Robin Minz,WICKETKEEPER,4,12,,4,63.16,,
Rohit Sharma,BATSMAN,251,6628,15,29.58,131.14,27.93,7.96
Romario Shepherd,ALL-ROUNDER,8,140,6,35,177.21,43.16,12.33
Rovman Powell,BATSMAN,23,354,,19.66,147.5,,
Ruturaj Gaikwad,BATSMAN,66,2380,,41.39,137.26,,
Ryan Rickelton,WICKETKEEPER,26,836,,34.83,168.21,,
Sahil Parakh,BATSMAN,0,0,,,,,
Sai Kishore,ALL-ROUNDER,15,,20,,,22.9,7.63
Sai Sudharsan,BATSMAN,26,1034,,47,135.92,,
Sakib Hussain,BOWLER,1,,0,,,,17
Salil Arora,WICKETKEEPER,11,156,,22.29,159.18,,
Sameer Rizvi,ALL-ROUNDER,8,51,,12.75,118.6,,
Sandeep Sharma,BOWLER,124,,131,,,26.65,7.91
Sanju Samson,WICKETKEEPER,163,4419,,30.68,138.83,,
Sarfaraz Khan,BATSMAN,44,585,,22.5,132.95,,
Sarthak Ranjan,ALL-ROUNDER,0,0,0,,,,
Satvik Deswal,ALL-ROUNDER,0,0,0,,,,
Saurabh Dubey,BOWLER,0,,0,,,,
Shahbaz Ahamad,ALL-ROUNDER,33,395,18,20.78,118.91,30.27,8.75
Shahrukh Khan,ALL-ROUNDER,33,448,0,21.33,134.13,,
Shardul Thakur,ALL-ROUNDER,53,307,91,14.61,139.81,29.35,9.15
Shashank Singh,BATSMAN,23,497,,41.41,164.24,,
Sherfane Rutherford,BATSMAN,10,158,1,26.33,131.66,43,10.75
Shimron Hetmyer,BATSMAN,56,1285,,32.12,152.02,,
Shivang Kumar,ALL-ROUNDER,13,53,9,8.83,115.22,41.67,9.62
Shivam Dube,ALL-ROUNDER,55,1502,4,31.95,142.1,37.5,9.25
Shreyas Gopal,BOWLER,51,,55,,,26.21,7.98
Shreyas Iyer,BATSMAN,115,3539,,32.17,128.52,,
Shubham Dubey,BATSMAN,5,59,,14.75,137.2,,
Shubman Gill,BATSMAN,103,3216,,35.53,135.58,,
Smaran Ravichandran,BATSMAN,0,0,,,,,
Spencer Johnson,BOWLER,5,,6,,,26.5,8.58
Sunil Narine,ALL-ROUNDER,150,1547,180,16.45,165.23,25.76,6.74
Surya Kumar Yadav,BATSMAN,139,3594,,32.37,145.31,,
Suryansh Shedge,ALL-ROUNDER,0,0,0,,,,
Sushant Mishra,BOWLER,1,,0,,,,14.75
Suyash Sharma,BOWLER,15,,7,,,45.42,9.38
Swapnil Singh,ALL-ROUNDER,12,87,8,21.75,133.84,26.5,8.52
Tejasvi Singh,WICKETKEEPER,0,0,,,,,
Tim David,ALL-ROUNDER,33,751,0,34.13,182.26,,
Tim Seifert,WICKETKEEPER,3,60,,20,139.53,,
T. Natarajan,BOWLER,62,,68,,,28.52,9.07
Travis Head,BATSMAN,22,890,1,44.5,178.71,47,11.75
Trent Boult,BOWLER,104,,121,,,26.65,8.32
Tripurana Vijay,ALL-ROUNDER,0,0,0,,,,
Tristan Stubbs,WICKETKEEPER,18,418,,41.8,178.63,,
Tushar Deshpande,BOWLER,39,,44,,,27.52,10.13
Umran Malik,BOWLER,26,,29,,,24.58,10.48
Urvil Patel,WICKETKEEPER,10,197,,19.7,205.21,,
Vaibhav Arora,BOWLER,15,,19,,,26.21,9.45
Vaibhav Sooryavanshi,BATSMAN,23,1028,,44.7,228.95,,
Varun Chakaravarthy,BOWLER,71,,83,,,24.33,7.55
Venkatesh Iyer,ALL-ROUNDER,50,1354,3,33.85,137.21,45,10.38
Vicky Ostwal,ALL-ROUNDER,0,,0,,,,
Vignesh Puthur,BOWLER,0,,0,,,,
Vihaan Malhotra,ALL-ROUNDER,0,0,0,,,,
Vipraj Nigam,ALL-ROUNDER,0,0,0,,,,
Virat Kohli,BATSMAN,244,8004,,38.66,131.97,,
Vishal Nishad,BOWLER,0,,0,,,,
Vishnu Vinod,WICKETKEEPER,5,105,,21,136.36,,
Vyshak Vijaykumar,BOWLER,11,,13,,,32.38,10.43
Washington Sundar,ALL-ROUNDER,33,381,37,19.05,115.8,33.16,7.78
Will Jacks,ALL-ROUNDER,8,230,2,32.85,175.57,43.5,10.87
Xavier Bartlett,BOWLER,13,,7,,,69.14,11.13
Yashasvi Jaiswal,BATSMAN,53,1562,,31.87,155.08,,
Yash Dayal,BOWLER,38,,42,,,30.14,9.12
Yash Raj Punja,BOWLER,0,,0,,,,
Yash Thakur,BOWLER,21,,25,,,29.36,9.94
Yudhvir Singh Charak,ALL-ROUNDER,3,,3,,,36.33,10.9
Yuzvendra Chahal,BOWLER,160,,205,,,22.43,7.84
Zak Foulkes,ALL-ROUNDER,0,0,0,,,,
Zeeshan Ansari,BOWLER,10,,6,,,55.5,9.84